<?xml version="1.0" encoding="UTF-8"?>
<metadata xml:lang="en"><Esri><CreaDate>20201115</CreaDate><CreaTime>12494900</CreaTime><ArcGISFormat>1.0</ArcGISFormat><SyncOnce>TRUE</SyncOnce><DataProperties><itemProps><itemLocation><linkage Sync="TRUE">file://\\DESKTOP-F7RO9OQ\C$\Users\frank\Documents\R_Projects\Coursera\Webmaps-with-rmd-and-leaflet\gis.osm_places_free_1</linkage><protocol Sync="TRUE">Local Area Network</protocol></itemLocation></itemProps><copyHistory><copy source="C:\WorkingFolder\GisData\Ghana\ghana-latest-free.shp\gis.osm_places_free_1" dest="\\DESKTOP-F7RO9OQ\C$\Users\frank\Documents\R_Projects\Coursera\Webmaps-with-rmd-and-leaflet\gis.osm_places_free_1" date="20201115" time="12494900"></copy></copyHistory></DataProperties></Esri></metadata>
