<?xml version="1.0" encoding="UTF-8"?>
<metadata xml:lang="en"><Esri><CreaDate>20201115</CreaDate><CreaTime>12335500</CreaTime><ArcGISFormat>1.0</ArcGISFormat><SyncOnce>FALSE</SyncOnce><DataProperties><itemProps><itemName Sync="TRUE">New Regions</itemName><imsContentType Sync="TRUE">002</imsContentType><itemSize Sync="TRUE">0.000</itemSize><itemLocation><linkage Sync="TRUE">file://\\DESKTOP-F7RO9OQ\C$\Users\frank\Documents\R_Projects\Coursera\Webmaps-with-rmd-and-leaflet\New Regions</linkage><protocol Sync="TRUE">Local Area Network</protocol></itemLocation></itemProps><coordRef><type Sync="TRUE">Geographic</type><geogcsn Sync="TRUE">GCS_WGS_1984</geogcsn><csUnits Sync="TRUE">Angular Unit: Degree (0.017453)</csUnits><peXml Sync="TRUE">&lt;GeographicCoordinateSystem xsi:type='typens:GeographicCoordinateSystem' xmlns:xsi='http://www.w3.org/2001/XMLSchema-instance' xmlns:xs='http://www.w3.org/2001/XMLSchema' xmlns:typens='http://www.esri.com/schemas/ArcGIS/10.4'&gt;&lt;WKT&gt;GEOGCS[&amp;quot;GCS_WGS_1984&amp;quot;,DATUM[&amp;quot;D_WGS_1984&amp;quot;,SPHEROID[&amp;quot;WGS_1984&amp;quot;,6378137.0,298.257223563]],PRIMEM[&amp;quot;Greenwich&amp;quot;,0.0],UNIT[&amp;quot;Degree&amp;quot;,0.0174532925199433],AUTHORITY[&amp;quot;EPSG&amp;quot;,4326]]&lt;/WKT&gt;&lt;XOrigin&gt;-400&lt;/XOrigin&gt;&lt;YOrigin&gt;-400&lt;/YOrigin&gt;&lt;XYScale&gt;11258999068426.238&lt;/XYScale&gt;&lt;ZOrigin&gt;-100000&lt;/ZOrigin&gt;&lt;ZScale&gt;10000&lt;/ZScale&gt;&lt;MOrigin&gt;-100000&lt;/MOrigin&gt;&lt;MScale&gt;10000&lt;/MScale&gt;&lt;XYTolerance&gt;8.983152841195215e-009&lt;/XYTolerance&gt;&lt;ZTolerance&gt;0.001&lt;/ZTolerance&gt;&lt;MTolerance&gt;0.001&lt;/MTolerance&gt;&lt;HighPrecision&gt;true&lt;/HighPrecision&gt;&lt;LeftLongitude&gt;-180&lt;/LeftLongitude&gt;&lt;WKID&gt;4326&lt;/WKID&gt;&lt;LatestWKID&gt;4326&lt;/LatestWKID&gt;&lt;/GeographicCoordinateSystem&gt;</peXml></coordRef><lineage><Process ToolSource="c:\program files (x86)\arcgis\desktop10.4\ArcToolbox\Toolboxes\Data Management Tools.tbx\Merge" Date="20170627" Time="185115">Merge Tolon;districts_2012 F:\bilbod\Updated_shape_files\Ghana_Districts.shp "OBJECTID_1 "OBJECTID_1" true true false 19 Double 0 0 ,First,#,Tolon,OBJECTID_1,-1,-1;OBJECTID "OBJECTID" true true false 19 Double 0 0 ,First,#,Tolon,OBJECTID,-1,-1;REGION "REGION" true true false 254 Text 0 0 ,First,#,Tolon,REGION,-1,-1;DISTRICT "DISTRICT" true true false 254 Text 0 0 ,First,#,Tolon,DISTRICT,-1,-1;ID1 "ID1" true true false 19 Double 0 0 ,First,#,Tolon,ID1,-1,-1;DIST_CODE "DIST_CODE" true true false 254 Text 0 0 ,First,#,Tolon,DIST_CODE,-1,-1;AREA "AREA" true true false 19 Double 0 0 ,First,#,Tolon,AREA,-1,-1;PERIMETER "PERIMETER" true true false 19 Double 0 0 ,First,#,Tolon,PERIMETER,-1,-1;AREA_KM "AREA_KM" true true false 19 Double 0 0 ,First,#,Tolon,AREA_KM,-1,-1;District_1 "District_1" true true false 254 Text 0 0 ,First,#,Tolon,District_1,-1,-1;Dist_Cod_1 "Dist_Cod_1" true true false 254 Text 0 0 ,First,#,Tolon,Dist_Cod_1,-1,-1;Total_Pop "Total_Pop" true true false 19 Double 0 0 ,First,#,Tolon,Total_Pop,-1,-1;Male2010 "Male2010" true true false 19 Double 0 0 ,First,#,Tolon,Male2010,-1,-1;Female2010 "Female2010" true true false 19 Double 0 0 ,First,#,Tolon,Female2010,-1,-1;Area_Sq_KM "Area_Sq_KM" true true false 19 Double 0 0 ,First,#,Tolon,Area_Sq_KM,-1,-1;Pop_densit "Pop_densit" true true false 19 Double 0 0 ,First,#,Tolon,Pop_densit,-1,-1;Shape_Leng "Shape_Leng" true true false 19 Double 0 0 ,First,#,Tolon,Shape_Leng,-1,-1;Shape_Le_1 "Shape_Le_1" true true false 19 Double 0 0 ,First,#,Tolon,Shape_Le_1,-1,-1;Shape_Area "Shape_Area" true true false 19 Double 0 0 ,First,#,Tolon,Shape_Area,-1,-1;ID "ID" true true false 11 Double 0 11 ,First,#,districts_2012,ID,-1,-1;NAME "NAME" true true false 29 Text 0 0 ,First,#,districts_2012,NAME,-1,-1;LABEL "LABEL" true true false 29 Text 0 0 ,First,#,districts_2012,LABEL,-1,-1;THEME_NAME "THEME_NAME" true true false 37 Text 0 0 ,First,#,districts_2012,THEME_NAME,-1,-1;DTT_ID2010 "DTT_ID2010" true true false 11 Double 0 11 ,First,#,districts_2012,DTT_ID2010,-1,-1;DTT_NM2010 "DTT_NM2010" true true false 30 Text 0 0 ,First,#,districts_2012,DTT_NM2010,-1,-1;DTT_LB2010 "DTT_LB2010" true true false 35 Text 0 0 ,First,#,districts_2012,DTT_LB2010,-1,-1;RGN_NM2012 "RGN_NM2012" true true false 30 Text 0 0 ,First,#,districts_2012,RGN_NM2012,-1,-1;AREA_M2 "AREA_M2" true true false 19 Double 10 18 ,First,#,districts_2012,AREA_M2,-1,-1;gdppersqkm "gdppersqkm" true true false 9 Long 0 9 ,First,#,districts_2012,gdppersqkm,-1,-1"</Process><Process ToolSource="c:\program files (x86)\arcgis\desktop10.4\ArcToolbox\Toolboxes\Data Management Tools.tbx\Dissolve" Date="20180514" Time="011911">Dissolve Ghana_DistrictsCopy C:\joe\Geo_data_gh\Updated_shape_files\regn.shp RGN_NM2012 # MULTI_PART DISSOLVE_LINES</Process><Process ToolSource="c:\program files (x86)\arcgis\desktop10.4\ArcToolbox\Toolboxes\Data Management Tools.tbx\Merge" Date="20190213" Time="132101">Merge rgn;'Bono East Region';'Brong Ahafo Region';'Ahafo Region';'Western Region';'Western North Region';'Volta Region';'Oti Region';'Northern Region';'North East Region';Savanna_region "C:\joe\Geo_data_gh\New Districts\New Regions.shp" "RGN_NM2012 "RGN_NM2012" true true false 30 Text 0 0 ,First,#,rgn,RGN_NM2012,-1,-1;Id "Id" true true false 6 Long 0 6 ,First,#,Bono East Region,Id,-1,-1,Brong Ahafo Region,Id,-1,-1,Ahafo Region,Id,-1,-1,Western Region,Id,-1,-1,Western North Region,Id,-1,-1,Volta Region,Id,-1,-1,Oti Region,Id,-1,-1,Northern Region,Id,-1,-1,North East Region,Id,-1,-1,Savanna_region,Id,-1,-1"</Process></lineage><copyHistory><copy source="C:\WorkingFolder\GisData\Ghana\GHANewDistricts\Regions\New Regions" dest="\\DESKTOP-F7RO9OQ\C$\Users\frank\Documents\R_Projects\Coursera\Webmaps-with-rmd-and-leaflet\New Regions" date="20201115" time="12335500"></copy></copyHistory></DataProperties><SyncDate>20190213</SyncDate><SyncTime>13210000</SyncTime><ModDate>20190213</ModDate><ModTime>13210000</ModTime></Esri><dataIdInfo><envirDesc Sync="TRUE"> Version 6.2 (Build 9200) ; Esri ArcGIS 10.4.1.5686</envirDesc><dataLang><languageCode value="eng" Sync="TRUE"></languageCode><countryCode value="USA" Sync="TRUE"></countryCode></dataLang><idCitation><resTitle Sync="TRUE">New Regions</resTitle><presForm><PresFormCd value="005" Sync="TRUE"></PresFormCd></presForm></idCitation><spatRpType><SpatRepTypCd value="001" Sync="TRUE"></SpatRepTypCd></spatRpType></dataIdInfo><mdLang><languageCode value="eng" Sync="TRUE"></languageCode><countryCode value="USA" Sync="TRUE"></countryCode></mdLang><mdChar><CharSetCd value="004" Sync="TRUE"></CharSetCd></mdChar><distInfo><distFormat><formatName Sync="TRUE">Shapefile</formatName></distFormat><distTranOps><transSize Sync="TRUE">0.000</transSize></distTranOps></distInfo><mdHrLv><ScopeCd value="005" Sync="TRUE"></ScopeCd></mdHrLv><mdHrLvName Sync="TRUE">dataset</mdHrLvName><refSysInfo><RefSystem><refSysID><identCode code="4326" Sync="TRUE"></identCode><idCodeSpace Sync="TRUE">EPSG</idCodeSpace><idVersion Sync="TRUE">6.14(3.0.1)</idVersion></refSysID></RefSystem></refSysInfo><spatRepInfo><VectSpatRep><geometObjs Name="New Regions"><geoObjTyp><GeoObjTypCd value="002" Sync="TRUE"></GeoObjTypCd></geoObjTyp><geoObjCnt Sync="TRUE">0</geoObjCnt></geometObjs><topLvl><TopoLevCd value="001" Sync="TRUE"></TopoLevCd></topLvl></VectSpatRep></spatRepInfo><spdoinfo><ptvctinf><esriterm Name="New Regions"><efeatyp Sync="TRUE">Simple</efeatyp><efeageom code="4" Sync="TRUE"></efeageom><esritopo Sync="TRUE">FALSE</esritopo><efeacnt Sync="TRUE">0</efeacnt><spindex Sync="TRUE">FALSE</spindex><linrefer Sync="TRUE">FALSE</linrefer></esriterm></ptvctinf></spdoinfo><eainfo><detailed Name="New Regions"><enttyp><enttypl Sync="TRUE">New Regions</enttypl><enttypt Sync="TRUE">Feature Class</enttypt><enttypc Sync="TRUE">0</enttypc></enttyp><attr><attrlabl Sync="TRUE">FID</attrlabl><attalias Sync="TRUE">FID</attalias><attrtype Sync="TRUE">OID</attrtype><attwidth Sync="TRUE">4</attwidth><atprecis Sync="TRUE">0</atprecis><attscale Sync="TRUE">0</attscale><attrdef Sync="TRUE">Internal feature number.</attrdef><attrdefs Sync="TRUE">Esri</attrdefs><attrdomv><udom Sync="TRUE">Sequential unique whole numbers that are automatically generated.</udom></attrdomv></attr><attr><attrlabl Sync="TRUE">Shape</attrlabl><attalias Sync="TRUE">Shape</attalias><attrtype Sync="TRUE">Geometry</attrtype><attwidth Sync="TRUE">0</attwidth><atprecis Sync="TRUE">0</atprecis><attscale Sync="TRUE">0</attscale><attrdef Sync="TRUE">Feature geometry.</attrdef><attrdefs Sync="TRUE">Esri</attrdefs><attrdomv><udom Sync="TRUE">Coordinates defining the features.</udom></attrdomv></attr><attr><attrlabl Sync="TRUE">RGN_NM2012</attrlabl><attalias Sync="TRUE">RGN_NM2012</attalias><attrtype Sync="TRUE">String</attrtype><attwidth Sync="TRUE">30</attwidth><atprecis Sync="TRUE">0</atprecis><attscale Sync="TRUE">0</attscale></attr><attr><attrlabl Sync="TRUE">Id</attrlabl><attalias Sync="TRUE">Id</attalias><attrtype Sync="TRUE">Integer</attrtype><attwidth Sync="TRUE">10</attwidth><atprecis Sync="TRUE">10</atprecis><attscale Sync="TRUE">0</attscale></attr></detailed></eainfo><mdDateSt Sync="TRUE">20190213</mdDateSt></metadata>
